刘庸干净又卫生,90102000,9816000,旅行领域创作者,记录平凡的印度生活
印度胖娃snjy,21785000,1434000,未知,喀拉拉邦的孩子Honey~让我走进你的心里你想吃的印度菜我都给你做
阿米尔汗_AamirKhan,1731000,1134000,印度演员、导演,电影《印度暴徒》正在热映
Arjun印度瑜伽,12704000,2342000,未知,Arjun 阿尔俊全美瑜伽联盟注册E-RY500资深导师印度辩喜瑜伽大学医学和瑜伽双硕士学位常年定居上海 从事瑜伽教培
Saiwen,8684000,801000,旅行领域自媒体,Zer别叫我佛鹅呢Boy(拉肚中)很快更新
印度玛莎拉公主,2594000,235000,未知,：CYST668环游世界希望所有狗狗都被善待狗狗比人善良
小陈在印度,12332000,789000,未知,中国妹子一枚在印度留学三年，目前在迪拜～
印度三妹,2305000,138000,未知,在印度6年.....喜欢分享印度的风土人情， 关注我带您一起看印度！ 印度产品合作vx： aaafos
印度笔记,5258000,348000,未知,微信号：85940057常驻印度，热爱旅行，每日发布印度街头见闻
印度歌曲杨青,778000,378000,未知,中国人演唱印度歌曲和巴基斯坦歌曲专业户！从事印度歌曲和巴基斯坦歌曲演艺二十多年！印度歌曲和巴基斯坦歌曲天籁之音百听不厌！印度和巴基斯坦音乐无国界疗愈世人们心灵！印巴歌后真人翻唱《新娘嫁人新郎不是我》！《奴里》《永恒的爱情》《宝莱坞生死恋》《吉米来吧》《大篷车》《丽达之歌》《新娘嫁人》《海誓山盟》《人世间》《美丽皎洁的月亮》《巴赫巴利王》《芭莎传奇》《印度新娘》《爱无国境》《拉兹之歌》《三傻》
三哥闯印度,7294000,544000,未知,闯荡印度多年，持续为您更新印度趣闻！VX：IndiaGo888（请注明来意）
印度欢哥,2213000,225000,未知,本人长期在印度工作，有需要请＋V18068459545
老麦在印度,2807000,272000,未知,传递全球正能量——————————幽默讲世界美食
大名一米九 masala,54752000,4723000,旅行领域自媒体,我有一颗不安分的心、我在路上...围脖：大名一米九星图合作v：768782241分享旅行日常v：yimijiu321
小柒在印度,2302000,105000,未知,不去观世界，哪来世界观！打点行装，背起行囊，来一场说走就走的旅行！因为喜欢，所以坚持通过它，18067626997，找到我
小糊涂在印度,2348000,243000,未知,感谢抖音官方乐交朋友，爱好旅行…..
飘在印度,1090000,117000,未知,分享印度日常印度好物不踩雷V hhh-137617889668988
mounthua在印度,1396000,137000,未知,带你了解真实的印度有啥事
浪哥游印度,1758000,111000,未知,向往自由，公会请勿扰，顺其自然，随心关注！每天分享印度趣事！除非特别忙碌不更新！神奇的国度每天都在刷新认知！
小陈的印度生活,2233000,120000,未知,中国妹子一枚在印度留学三年，现居阿联酋喜欢异域风情，为大家分享异国文化印度美女养发美睫丰满C579612印度宝藏C579613
走进印度生活,46000,150000,未知,此用户没有填写简介
哈利Halleeee,41331000,2645000,抖音音乐人,风格多元化的移动点唱机~同名 全网同名美妆：蛤蜊没睡醒商务合作/音乐合作vx: qjs9179粉丝团vx : Halleeee_Cool/音乐/村：哈利Halleeee
Saurav印度瑜伽,73000,116000,沈阳鑫天艾健身有限公司,每天10:30开始4-5节瑜伽课直播虔诚的瑜伽练习者帮助瑜伽爱好者正确练习瑜伽索拉夫 赵远 周嵩 繁星 四位名师合力打造
极本鲜,7012000,1136000,美食自媒体,世界很大带你去看看我在前面走后面同志别掉队留言太多，有时候不能一一回复，请友友见谅商务：
小神童333666,28000,1143000,抖音音乐人,生活百般滋味，人生需要笑对！
@小梓（印度尼西亚）,5436000,333000,未知,记录印度尼西亚搬砖的日子！每日更新在印度尼西亚的真实生活和所见所闻！感恩相遇！承蒙厚爱！感谢关注！
依曼印度舞,355000,110000,杭州恋尚依曼服饰有限公司,印度舞零基础入门教学！十年舞蹈教学经验！----------------------------------自主设计！研发！生产！成人及儿童印度舞服饰！印度服饰！首饰品！招副播！
浪迹印度的安徽姑娘,5267000,238000,未知,受新冠感染影响，延迟更新
印巴风情_静静,173000,498000,未知,每天17:00至23:00肚皮舞老师古典舞老师自创肚皮舞与古典舞结合视觉盛宴直播间与你不见不散任何一件事只要坚持得够长久就是无与伦比之美
玖柒影视,4262000,686000,未知,感谢各位的关注每天不定期更新好剧囚妻持续更新中感谢支持
杨运东-食神,30817000,2413000,未知,安静的做一个超级无敌宇宙第一大吃货～商务合作v：pcz739 星图合作私！粉丝v：Lvdai6（备注来意）
继承者解说,24209000,1063000,未知,江湖很大，承蒙相遇短视频让我们改变生活方式我们便用短视频改变生活质量星光不问赶路人，时光不负有心人
越哥说电影,3441000,742000,未知,抖音唯一账号，越哥说电影，头条主页可观看完整视频。
美国熊猫,36109000,1825000,旅行自媒体,留学欧美多年，专注正能量爱国内容！商务：x38m38合作走星图，有档期
二哥说电影,16362000,2898000,影视自媒体,几分钟看完一部电影以最简单的方式体验最多彩的人生
新闻启示录,7,16192000,福建电视台新闻评论部官方抖音账号,可爱的你 关注着我 福建综合频道20:04播出
饿梦美食家,600000,127000,未知,一个喜欢研究美食的吃货—————————————学习交流：zcjqs668
二白电影,11864000,1960000,未知,进来了 就点个关注呗
伦帝电影说,1,10859000,影视自媒体,伦帝电影说 x 御影观影团《神秘海域》“上天入地·成都嗨玩”主题场观影招募辣！报名+小助理V：ykqggyt
好萌影视,5543000,947000,未知,嘴瓢解说，看懂就好
小菜花,9155,150000,未知,。。吃食。。
伦帝电影说,1,10859000,影视自媒体,伦帝电影说 x 御影观影团《神秘海域》“上天入地·成都嗨玩”主题场观影招募辣！报名+小助理V：ykqggyt
小怪探片,11989000,2240000,未知,《继承者》正在更新中每段视频都保证高质量制作给大家最好的追剧体验商务合作，请在星图联系
峰哥亡命天涯,8824000,913000,未知,失业旅行中，关注第三世界国家穷游点个关注，你就可以跟峰哥浪迹天涯了
吃货王老板,3410000,356000,未知,路边摊资深研究员好吃xiaokafei-zz
言真纪实,553000,290000,未知,搞笑的纪录片解说员用最诙谐的方式带你看奇葩印度美食感受不一样的人间美味
乔妹影视传媒,3680000,656000,思缘好物官方账号,每日更新必备好物，提升生活幸福指数厂家源头，好货直发，一件也是批发价视频同款商品链接都在下方欢迎惠顾合作：主页同V
世界杂货铺（解压&好物）,1754000,167000,未知,视频中的故事为本人杜撰，如有雷同纯属巧合。解压助眠，好物分享两不误。合作v:MJPC12138
彩虹追剧,1502000,271000,未知,资深追剧迷 给大家分享高质量好剧如有侵权请告知原创解说 洗稿者必究
Mf。,963000,175000,未知,此用户没有填写简介
幸运追剧,806000,201000,未知,正在更新中……
雪山扯电影,20670000,2462000,未知,偶尔一天两更 每天14:00-23:00更新
和你一起看世界,8682000,951000,未知,世界这么大，带你去看看我们一起涨知识！感谢大家关注！ps：如有侵权等问题 联系我删除
淼哥电影解说,1928000,389000,未知,感谢所有朋友的喜欢与支持感谢抖音平台非常好的环境交流 ，学习， miaoge517承蒙厚爱
小丑讲剧,907000,137000,未知,进来了就留下关注再走吧每天不定时更新作品如果有版权请及时联系 看到信息立刻秒删
Ram Charan,872000,105000,未知,你喜欢的话关注一下哦大家好我是印度的最帅明星们的粉丝谢谢大家的支持
段子闫,1838000,352000,未知,段子 搞笑
平头哥说剧,866000,191000,未知,感谢抖音平台谢谢您的关注精心创作，感谢点赞每天下午5-7点更新
鑫电影,7865000,1278000,未知,合作走星图学习请复制抖音号
