提刀探花在老挝,4069000,360000,未知,直播号:按剑四顾在老挝 :laojian945 湖北人在老挝，目前想用抖音在老挝开启创业，准备在这里置块地，建一个房，娶一个老挝姑娘，和大家分享我在老挝怎么生活，怎么认识和追求老挝姑娘，用抖音记录我在老挝的生活。
老挝小王（收徒）,2049000,583000,未知,主播在老挝，每天分享所见所闻商务合作: 809937680 小王(不闲聊) 直播问题 18616652108司徒(不闲聊)
老挝媳妇中国老公,409000,292000,未知,我来自老挝叫杨玛丽，是陕西媳妇。
老挝村长,1383000,182000,未知,一个长期待在东南亚老挝14年打拼的80后，名副其实创一代，定居在琅勃拉邦，想了解老挝，商务考察，旅游向导，租车服务，酒店投资，土地投资，各种文件翻译，可以关注我商务:hanghang888168
老挝小姐姐khuan khuan,691000,129000,未知,一名老挝女孩子分享老挝美食老挝旅游风景东南亚美食在橱窗
老挝店长vlog,252000,165000,未知,一个在老挝打拼的90后关注我带你了解真实有趣的老挝每日首发：今日头条西瓜视频 百度视频腾讯视频 网易视频YouTube 搜索 老挝店长vlog 观看长视频
老挝倪娜在中国,198000,124000,未知,我来自老挝嫁到中国两年
流浪在老挝,1501000,101000,未知,每天都是慢节奏的生活，原生态生活你想来吗？
波哥在老挝,275000,175000,未知,本人2015年来到老挝川矿省，经营一家中式酒店，精通当地语言！有喜欢海外生活的可以关注我！
兵哥与卡卡(中挝夫妻),13783000,694000,未知,我们旅途相识的中老夫妻游：jky5858520 商务：ktv198898
小魚（老挝冰咖啡）,388000,107000,未知,河北唐山丰润区北方购物美食一条街北边第一家 老挝冰咖啡
仙游晨星红木家具(老挝大红酸枝),516000,104000,仙游县度尾镇晨星红木家具厂,每天不定时更新视频分享红木家具知识
