蒙古一枝花,122000,241000,未知,喜欢我的可以进来，不喜欢你可以不进了，喜欢听的可以留下你的，我是老师的粉丝花花粉丝团电台
蒙古丽人,1600000,217000,蒙古丽人官方账号,蒙古丽人开创人：图雅品牌态度：为每一件衣服 找到适合的主人主营：蒙古丽人自媒体电商、蒙古丽人高级定制3.8女神节专场：全场爆款新品打骨折！包包就是宋！
蒙古大力士,4068000,366000,未知,️：WA656299（接拍）&：蒙古大力士耶我声音可老雄厚了
在蒙古的小猪,5609000,886000,未知,蒙古国留学teruun888
蒙古少女塔娜,1522000,187000,未知,记录草原生活，这里风景优美，食物美味，欢迎来玩。
小蒙古.,563000,146000,未知,k
蒙古小胖子,1146000,110000,未知,一个喜欢美食旅行M红酒的小胖子一个人走过了18个国家90个城市如果你也喜欢旅行和红酒关注我吧我可以告诉你哪里好玩值得玩分享我的经验一直在路上 也许有一天我会到你的城市
蒙古大妞内蒙特产,3455000,507000,内蒙古大妞妹妹商贸有限公司,草原美食推荐我负责吃前介绍，你负责吃后评价感谢朋友们的支持，点我主页的橱窗下单或者点我头像进去直播间小黄车关注我，每天都有上新本店支持坏单包赔，有运费险，支持极速退款，可以放心下单哦。 朋友们私信回复比较慢，请直接联系小店客服。 客服咨询：点击主页商品商品链接详情页面左下角客服转人工即可联系在线客服谨防受骗，非本人回复不要相信️私信您的都是骗子️
蒙古野人369,4199000,348000,未知,蒙古野人369
蒙古一花,640000,158000,未知,若有诗书藏心间，任凭岁月待佳人！本人就一个抖音号，别上当受骗！直播时间晚上七点
蒙古姑娘希莫,1356000,115000,未知,感谢您的关注蒙古族姑娘希莫（营养的意思）普通牧民家庭，没有太多牛羊草场只想记录真实牧区生活，让更多人了解养育我的大草原欢迎来内蒙古吃肉呀！
蒙古舞•黄可【嗨老会】,978000,155000,未知,嗨老会•中国民族民间舞高级导师；毕业于“中央民族大学舞蹈学院”；擅长舞种：藏 蒙 维 朝 傣；参与第十届中国舞蹈 荷花奖 现代舞评奖；中央民族大学舞蹈学院新人杯民间舞组合一等奖；曾加入解放军文工团舞蹈部；感谢支持与关注；直播教学时间：周四、周五、周六、周日晚上19：30；需要课件音乐或进班级请加V：17722848571
小包《蒙古妞》,11518000,964000,未知,喜欢交心中充满阳光的朋友，15894879805
大叔家有4条龙,18377000,1288000,未知,商务:lihz1319，wangdan-928请假今晚哈
阿泯娜原创蒙古服饰,601000,262000,乌兰察布市集宁区阿泯娜服装店,品牌主理人：阿泯娜品牌slogan：一个自信而清醒的品牌目前四家加盟店 持续招加盟中主营：成衣销售 私人定制（定制联系客服）直播时间： 9:00～12:00 ｜ 13:00～19:00 ｜ 20:00～24:00 客服时间与直播时间相同除本账号以外任何私信和电话都不要相信！！！
多多其木格,12204000,2571000,生活自媒体,在小号中放飞自我：多多琪木格（抖音号：ddqimuge）小号 每晚 21点后直播内蒙古女汉子的彪悍日常人生长度有限愿你我活得有宽度
巴图安达（大草原牧民）,8792000,1027000,未知,我是巴图安达 生活在内蒙古 锡林郭勒盟 东乌珠穆沁旗 原生态草原深处牧民 感谢您的关注！星图商务:15647917338售前售后:18247283042
牧民达西,59093000,3878000,乡村守护人,我家的草原很大，出了草原的地方都是远方。媒体/影视/公益合作V:BWR0470牧民达西V：MuminDaxi MurenDaxi 星图合作：BWR0417 售后：18247283042
锡林郭勒苏德,16616000,829000,未知,苏德:蒙古族 内蒙古 锡林郭勒盟 苏尼特左旗vx: sude6961 带你看草原 那达慕 赛马 摔跤 射箭 旅拍
雅典,9287000,343000,未知,此用户没有填写简介
圆圆已上线•,9998000,462000,未知,合：WA656299/：蒙古大力士耶我的声音可老雄厚了
李德戈景,1963000,419000,舞蹈演员,工作电话139 1189 7375（非本人）
敖其在草原,5094000,475000,三农自媒体,揭秘内蒙古草原森林美食与小众旅行的意义探寻内蒙古草原森林深处的游牧与狩猎部落 私人V：aoqi668 旅行 V：15504703530
呼亚格·呼麦,2008000,126000,抖音音乐人,感谢抖音这个平台，本人毕业于内蒙古大学艺术学院呼麦表演专业，感谢大家的支持！我会不定期的直播呦！关注我学呼麦！感谢！
常宏基,9072000,747000,未知,舞蹈风暴8强 代表作《生生不息》《草原随想》《她说》艺考咨询V：1041225184（启斐舞蹈艺考）商务V：1041225184常宏基
春雨Rain_,37408000,4133000,抖音音乐人,北京舞蹈学院与奥克兰大学双硕士 微博：春雨Rain_活成一束光
春雨Rain_,37408000,4133000,抖音音乐人,北京舞蹈学院与奥克兰大学双硕士 微博：春雨Rain_活成一束光
七哥侃历史,19310000,3211000,未知,隔日晚六点更新！
经典音乐（U盘）,631000,121000,未知,感谢抖音官方感谢关注与支持车载音乐u盘 ax9955888
小身板！,18989000,499000,未知,感谢相遇 感谢关注合作：C555566667（备注来意）
酷音乐（U盘）,10123000,1506000,萧县韩磊家电维修部,感谢抖音~官方高品质~车载~优盘完整版点击下方联系
吾来舞往 陈九舞课堂,2146000,259000,未知,专注高质量民族舞教学内容了解线上课程 详情v：wlww100
正蓝旗天爱源牧贸易有限公司,459000,305000,正蓝旗天爱源牧贸易有限公司,大家好，我是苏日！用内蒙食材做遍全球美食！
舞蹈系李佳琦,2403000,448000,未知,此用户没有填写简介
罐装蓝调,4453000,351000,未知,抖音看世界分享经典感谢抖音感谢有你
Uking国际,6347000,267000,山西亿通佳运国际贸易有限公司,Uking国际每天给大家带来有趣的国外冷知识帮助您在海外更好的生活~网购国内商品，转运至全球；专线客服24小时一对一服务；免费仓储，专业打包，协助清关，当天发出咨询请拨打主页电话或私信留言哦～
苏和带你看草原,2981000,157000,未知,苏和，蒙古族，热爱祖国，热爱自己的民族和文化。
黛尔玛精品服饰,844000,117000,黛尔玛百货官方账号,品牌主理人：黛尔玛从事专业民族服装行业8年设计制作销售服务于一体厂家直销无中间商差价感谢关注！直播场：每天早上9点——晚12点
蒙一堂秦玉东,512000,940000,未知,北京蒙一堂-秦玉东只有这一个号为本人刚入驻抖音！谢谢大家的关注！私信太多 一个一个回复
芸门小娟,713000,115000,未知,舞蹈编导研究生西安芸门舞蹈创始人，开设古典舞班，民族民间舞常规班，提升班， 集训班，系统研修班。课程咨询vx18329402613
