越南木兰,6122000,932000,未知,相见不易 感谢陪伴
夏天在越南,7531000,1055000,未知,长驻越南胡志明市每天更新越南风土人情旅游商业合作。私聊
响哥与小花（中越夫妻）,15351000,1483000,未知,感谢抖音平台 纪录分享越南真实的创业生活方式我在越南设立工业机械设备公司 饭店等生意现在定居越南已经结婚.老婆越南人.只有这一个抖音号.请大家注意以防骗子冒充感恩大家的关注
越南阮芳草,470000,113000,未知,来自中越边境芒街女孩有幸学习了一段时间中文 希望能够继续学习中国文化结交中国朋友 感谢抖音 感谢关注 感谢支持 随缘直播 尬聊
越南依依,644000,228000,未知,求抖音爸爸开通直播！
越南女孩,616000,376000,未知,大家好我们都是越南女孩 感谢大家支持！V:xulg333
安徽小伙在越南,6658000,886000,未知,主播来自安徽宿州，萧县！离异！来越南旅游认识越南老婆！她是一个高材生！会四国语言！她不介意我的过去！和我在一起两年了！每天更新和越南老婆生活，带你们了解越南风土民情
越南桃姑娘,4821000,654000,未知,（西瓜同名）大家喜欢观看我的视频可以去关注一下！那边第一时间更新本人唯一帐号，感谢大家关注
越南女孩,689000,116000,未知,hoanhoan
越南阿璇（寻找自己）,1448000,127000,未知,越南农村女孩：(dịch tài liệu , văn bản , tên.. vv dạy tiếng trung/ việt , phiên dịch khẩu ngữ hiện trường 翻译文件资料、中文-》越文，越文-〉中文 、教越南语+中文 ， 现场口语翻译..Zalo 0358626703 / yuenankafei0811 (请备注来意）-在云南学习汉语4年-越南生活视频-越南语口语视频-希望能交更多中国朋友
越南老师,430000,121000,未知,越南人，毕业于中国大学，硕士学位在线教学越南语，出视频课程微 oanh18992
越南花花,82000,109000,未知,大家好我是花花会说一点点中文非常高兴来到抖音喜欢的可以点击关注！
阿甘越南,1529000,375000,未知,心怀光明，一直向上！感谢您的陪伴！
越南视角,2287000,198000,未知,分享最真实的现代越南，社会百态，生活趣事，风土人情，新闻资讯，优秀音乐等正能量视频(不接受私信不回复私信)这里没有爱情，太多评论不能及时一一回复，请谅解，谢谢大家！
越南紫霞夫妇,1744000,436000,未知,越南媳妇嫁给湖南小伙有个可爱的混血女儿分享一家三口和中国公婆的日常这里只分享长视频，大号在关注里每日更新～感谢喜欢
越南接头人,4787000,409000,未知,四川人已定居越南首都河内2022从新出发走遍越南从事tiktok自媒体•VH11C88（越南百事通）
越南小天,2405000,573000,未知,我来自越南我叫小天，目前在中国，我是一个可爱的外国女孩……灯牌七级加V。每天早上6:30开播下午5:00
越南素素,272000,107000,未知,越南小主播刚报告，我叫素素喜欢的可以点击关注。感谢抖音平台！感谢家人们的关注
越南春宝,2056000,553000,未知,西瓜同名大家好，我是来自越南的友人，希望传播中越友好交流，我会一点汉语和英语，分享真实的越南生活文化给大家，感谢关注支持。
越南妹海燕,651000,172000,未知,感谢抖音平台谢谢大家的支持广交各界朋友目前在河内上大学带你了解越南日常
越南格格,1003000,507000,未知,小胖与小爱每天为您带来快乐热爱生活喜欢我们的点个关注感谢抖音正能量平台
大白在越南,5044000,615000,未知,中国四川小伙 在越南 分享最真实越南生活 喜欢的朋友留个关注 不要假装努力 结局不会陪你演戏在越4年从事 旅游 电商 物流 行业商务合作V：a89329428 （备注来意）
越南 啊水,570000,135000,未知,越南越美 越南之美常驻越南 胡志明市了解越南 了解美女越南风情 关注水哥V:Aa278143425
越南梦梦,125000,120000,未知,大家好，我叫梦梦，来自越南胡志明市，刚入驻抖音想交中国朋友，会一点点中文，每天会分享越南的生活，希望得到大家的支持
越南小龙女,71000,148000,未知,瞭解《越南資訊》「關注我」。帶你瞭解越南生產、生活、熱點。以一個越南女生的觀點給你介紹。
CF威廉越南神仙服,82497000,6330000,未知,江湖人称:越南服斗帝作品全部为本人原创CF十年骨灰级玩家商务v：gm53057
越南小学扛把子,262000,382000,未知,接视频广告，有意者私信留V～
越南 小仙,1543000,275000,未知,我叫小仙来自越南农村一直在外打工的95后妹子没有文化中文不是很好喜欢分享给正能量的朋友感恩遇见，感谢支持抖音大舞台，有梦你就来！
Hong走进越南,3051000,335000,未知,微信号:HL689400我来自广东肇庆市四会市邓村。喜欢越南特产请点击橱窗下单。 感谢抖音平台，感谢朋友们支持。想了解越南请关注我，带你■走进越南。
越南紫霞至尊宝,3522000,378000,未知,男：中国湖南 女：越南芽庄和紫霞一样身材V:779274893
越南小姐姐,432000,178000,未知,纪录越南小姐姐的真实生活，我只是一个打工的….
越南皇尚,512000,115000,未知,此用户没有填写简介
越南小兰,511000,126000,未知,福建人，男，专业干抖音的v:yuu1770
越南女孩宁宁,6023000,581000,未知,一个生活在中国会说中文的越南妹！喜欢这里的人，这里的特色菜，热爱中国感谢缘分让我们相遇本人不介绍对象，也不主动私信任何人团灯牌8级加VX
越南女孩,0,167000,未知,感谢大家的支持！
越南小玲,222000,108000,未知,感谢抖音，在胡志明学习，正在学习中文，分享越南生活，街拍，谢谢你们的关注。
越南农村妹子,236,241000,未知,越南妹子在农村的静怡生活，分享越南美食和风光
越南小涵,664000,167000,未知,大家好我是越南女孩（谢谢大家不要连赞）很喜欢中国的文化会说一点中文希望大家喜欢
越南妹,22000,105000,未知,感谢大家的支持！
越南韦小宝,1230000,138000,未知,V494594974导游、翻译、visa工作室主理人
越南秋水,1463000,214000,未知,山东烟台人长期在越南 可以直接说事 看到基本都会回复 不闲聊 商品橱窗有部分越南特产可以试一下
越南小丽丽,519000,202000,未知,爱中国
安妮带你闯越南,532000,269000,未知,我是安妮国内混血儿生活在中越边境关注我：带你了解边境特色开播 每天早上9：30～12：30 晚上小号（安妮商贸）直播没有团队，没有运营，有时太忙照顾不过来望理解如遇到货品问题，先联系客服，客服解决不了或者不回复，找我解决感恩了
越南猴哥,483000,128000,未知,了解“越南现状”关注我介绍在越南生产工作热点。介绍在越南汽车使用细节。介绍在越南旅游生活热点。
越南刘刘阿荷,213000,158000,未知,中国刘刘和越南阿荷的心酸爱情故事,感谢大家关注！感恩所有帮助我们的朋友。
越南藤编,657000,161000,未知,民间手工艺是民族活态的灵魂.是民间艺术的一个重要组成部分,是文化生态的重要表现形式，本公司从事藤编红木设计制作销售十余载，海外有4000多平加工基地，致力于把民间艺术品发展传承而努力！
相约越南,881000,137000,未知,走进越南 相约越南分享越南风土人情 持续更新喜欢双击加关注 感谢支持
小政闯越南,4974000,432000,未知,本人广西梧州的，长期在越南，谢谢大家支持，
起点街拍 （越南）,937000,173000,未知,感謝抖音官方，， 来自云南 16年来到越南，在越南做生意越南这个国家呢，可能很多人的没听说过，没事不要紧，我会带你看看真真的越南生活
越南女孩芳珍,406000,153000,未知,越南胡志明市女孩认识越南女孩子每天更新越南故事感谢抖音，感谢关注
越南铁木菜板,3940000,202000,未知,此用户没有填写简介
清风看越南,4118000,565000,未知,西瓜和头条搜索同名 清风看越南分享在越南所见所闻及日常生活私信请务必写清楚来意，看到会回复，谢谢理解
小云,3562000,620000,未知,就这一个抖音号，没有小号（每晚九点直播感谢大家的支持）
越南虎牙美音乐,356000,103000,未知,越南音乐车载优盘 链接 私我ktv8898966越南虎牙没有国内账号 与你一起分享越南歌曲 谢谢大家支持哦
女儿国越南鬼脚七（5677）,1251000,447000,未知,16年踏入越南的中国江苏南通海门人在越南从零开始发展四年，刚见曙光却被Y情化整为零2020年10月，我带上几个同样有梦想的越南女生，没有团队包装，没有工会提携，从零开始，一起来见证我们的成长吧！因为您也是一个有梦想的人！越南鬼脚七户外号YNGJQ666（分享越南创业及每天直播户外）越南鬼脚七YNGJQ777（分享越南生活故事及直播越南女生互动节目）
越南燕窝,183000,107000,未知,Crush-1727 有意可联系哦
越南阿梅,121000,147000,未知,越南阿梅
小鱼聊越南,643000,138000,未知,本号旨在解读一个真实的越南！有问题可私信或+V:76978478越南特产进入商品橱窗
@阿满在越南,843000,186000,未知,+v yy5588993感谢抖音平台！感谢各位好友关注！关注抖音看大千世界！阿满的越南日常生活！谢绝私聊！请多多包涵！
泽熙在越南,85000,135000,未知,东南亚异国风情越南深入了解越南15202183383
依然越南日记,2511000,334000,未知,定居越南4年，住在胡志明市。旅游定制服务 接送机 地接 包车 酒店翻译从事外贸和电商和奶茶店酒店
越南香水披发,1343000,174000,未知,感谢你们的关注每天更新正能量视频客服V：aixs0620
小亮在越南的幸福生活,6274000,353000,未知,全网唯一抖音号 其余都是假冒 大家注意辨别 家是东北黑龙江哈尔滨 媳妇是越南人 陪媳妇回越南探亲 因为疫情隔离在越南金瓯 感谢大家支持我们这对跨国婚姻平凡夫妻 大家火苗走一走
越姐好柏大 车载音乐,3781000,502000,未知,越语音乐 微主播 链接 优盘 djk8689越南虎牙妹没有国内账号 其他都是冒充的真心与大家一起交流 感谢大家的支持
大能爱电影,15044000,2827000,未知,交流V:z545909136(备注来意)下午两点更新 赵贵族 还在持续 更新中...感谢抖音官方平台专注户外生存节目解说带大家观看荒野求生技能
沙金,4515000,548000,未知,全国连锁评论区不回复喜欢私信购买请联系 V：15151275617
DJ嗨曲,5483000,1476000,未知,感谢官方每天持续更新越鼓硬曲优盘/内存卡:djdj06688
油麦说体,1792000,384000,未知,很开心为大家解说有趣的东西，非常感谢大家的关注和支持。请勿连赞呦！
JNK_JAY 啊杰,37632000,1915000,抖音音乐人,签约公司：火种音乐 演出联系：ivychin1026｜Vb：JNK-JAY啊杰Ins: jnk.jay｜商务合作: Wong_ScoT演出行程：3.16南通Lin，。 鹤山EDC（疫情延期）
洪雅先锋,4338000,370000,中共洪雅县委组织部官方抖音号,这里有您看得见的“洪雅红”！
租租车App,33873000,2078000,广州力挚网络科技有限公司,3000万人都在用的全球租车出行平台
多进dj车载（优盘）,3184000,714000,多进网络工作室官方账号,只有本作者一个，没有任何客服高品质优盘，SD内存卡 同步\/
越南摇妹406,32000,129000,未知,来自越南
越南小惠show,268000,130000,未知,一个想走近中国的越南女孩。希望喜欢我的朋友都能挣大钱，发大财。下雨有伞，天黑有灯。
越南小怪兽,666000,176000,未知,大家好我是越南小怪兽 怪兽来了快跑，不跑就点个关注呗，我会带你去了解更多越南和我在中国的生活
小亮在越南,690000,109000,未知,小亮在越南本人号，没有第二个号，特此声明
越南遇见她,987000,192000,未知,已过中年的离异男，在越南旅游时发生的真实故事
越南瑶妹,260000,127000,未知,来自越南的我
小智逛越南,216000,132000,未知,小智逛越南，基本没问题感谢友友们的陪伴与支持手里免费的火苗送送给老弟涨涨人气呗
越南小丽丽,320000,111000,未知,此用户没有填写简介
越南小珊珊520,339000,226000,未知,来自越南的姑娘，喜欢和中国人交朋友，非常感谢每一个人点赞和关注，爱你们，么么哒
越南媳妇小秋,171000,103000,未知,越南媳妇嫁给贵州小伙有个可爱的混血男孩分享一家三口日常每天更新～感谢大家爱你们么么哒，ヽ(爱´∀‘爱)ノ
福清哥在越南,603000,201000,未知,福清哥爱旅行福清哥爱打拼 福清哥爱实话 Alin3386
越南虎牙妹@55555,532000,104000,未知,越南虎牙妹 ủt Nhị Mino 翻唱作品选辑ủt Nhị Mino简介：越南网络歌手，工作地点一胡志明市，主营自创品牌化妆品，直播号youtube一ut nhi1606，抖国际版新号@uthi一mino一offciai，作品发布tiktok，油管，脸书。 只有一个号，分享每一份精彩！
越南女孩喜欢中国@Que227,972000,221000,未知,感谢关注点赞
越南小妹平安,566000,105000,未知,爱中国的越南女孩
越南小胖苏,1459000,148000,未知,常在越南胡志明市 分享越南生活日常媳妇苏苏是越南人 承蒙关注谢谢有你
越南大印,6155,113000,未知,主播来越南3年了
越南华人胡子哥,885000,143000,未知,越南10年创业有惊喜也有坎坷喜欢越南生活时间久了慢慢喜欢越南简单朴实的生活方式视频分享越南的故事和越南你不知道的事
越南学妹小玲,537000,104000,未知,来自越南胡志明市女孩，20岁私信太多，回复不过来学习中文专业，很高兴认识中国朋友希望通过平台和大家交朋友，谢谢关注
越南学妹小玲,537000,104000,未知,来自越南胡志明市女孩，20岁私信太多，回复不过来学习中文专业，很高兴认识中国朋友希望通过平台和大家交朋友，谢谢关注
闯越南峰哥,232000,158000,未知,峰哥闯越南13年，带你了解越南风情！
广西冰冰在越南,6679,115000,未知,我是广西女孩在越南，希望多交中国的朋友！春风十里，不如有你我在等你，你在哪里？
嫪毐在越南,217000,129000,未知,帮忙点点火苗，老弟太难了。想了解商务旅游和有想法的，上上火苗榜。相互帮助家里穷，才找越南的但很幸福现在。
越南古与今,82,230000,未知,越南越美
道越南,243000,103000,未知,带你深入了解越南，07进入越南，闯遍全越南
越南姑娘 啊娟,465000,163000,未知,我是越南女孩 啊娟 19岁了 我正在学习中文.我喜欢中国的风景.以后想到中国生活.
越南阿萱,456000,101000,未知,感谢抖音官方和越南女生认识喜欢中国文化，在学习中文谢谢大家的支持
越南妹平安,910000,142000,未知,平安带你领略越南风情。
越南小柔在东北,216000,186000,未知,越南小柔，东北媳妇，在中国留学读研，遇到东北小伙，为爱留下
越南妹小惠,1041000,187000,未知,希望大家 关注 点赞 分享
东兴还珠越南语-汉语培训中心,769000,135000,未知,中越边境还珠越南语-汉语培训20+年(小雨老师)累计帮助30000+学员掌握越语-汉语(在线教学）越南语在线学习班（0基础+日常+商务口语）越南语-汉语自学教程中-越文翻译越南特产-越南旅游（dạy tiếng Trung Việt , bán sách học tiếng Trung - Việt kèm ghi âm , bán hàng Việt Nam, phiên dịch văn bản , họ tên,địa chỉ ）
来自越南仙仙,555000,131000,未知,微 Xianxian92vn
阳哥在越南（鹏越商行）,1144000,150000,凭祥市鹏越灯具商行,阳哥是湖南邵阳人，来越南创业七年，现定居越南首都河内。主要经营进出口贸易，东南亚电商，旅游酒店，餐饮娱乐，传媒直播等行业。
肥仔东走进越南,1044000,130000,未知,广东人，本号是肥仔东唯一抖音号，别的号如有我的视频属于搬运我作品行为。更多一分钟以上“长视频”在《今日头条》，在《西瓜视频》，抖音 西瓜视频 今日头条 同名：肥仔东走进越南。搜索“肥仔东”或者“肥仔东在越南”看关于越南的海量视频。
麻烦猫,43000,121000,未知,人生经历丰富怀着一颗有趣灵魂的过气模特：gericook
越南姑娘Cô gái việt nam,358000,117000,未知,我的生活记录，谢谢所有关注我的朋友
粤四会人在越南,1874000,210000,未知,我来自广东省肇庆市四会市邓村。感谢抖音平台感谢朋友们支持。想了解越南请关注我带你走进越南。纯竹浆烤干纸，卷筒纸，产地:越南。微信号-HL689400
神鸟知讯兵鉴,1820000,164000,《舰载武器》杂志 战火兵魂官方账号,远去的战火，永远的兵魂
范秋秋,2080000,183000,未知,此用户没有填写简介
越南虎牙妹小美,165000,127000,未知,来自越南很喜欢中国文化感谢平台让我认识很多中国朋友看 上 面 图喜欢交朋友正在学习汉语欢迎大家指点纠正
清风看越南（抖音去看,999000,206000,未知,正片在抖音去看抖音和西瓜还有今日头条去搜索清风看越南更多精彩等着你
